Matrix Size, Operations, BLAS Vendor, Duration (s)
10000, 2.0e12, lbt, 1.4975347
10000, 2.0e12, lbt, 1.4962772
10000, 2.0e12, lbt, 1.4953016
10000, 2.0e12, lbt, 1.4948003
10000, 2.0e12, lbt, 1.494659
10000, 2.0e12, lbt, 1.4945998
10000, 2.0e12, lbt, 1.4941917
10000, 2.0e12, lbt, 1.4948632
10000, 2.0e12, lbt, 1.4928709
10000, 2.0e12, lbt, 1.4947777
